[
{ "name": "Scotland", "iso3": "GBR", "su_a3": "SCT", "continent": "Europe" },
{ "name": "Republika srpska", "iso3": "", "su_a3": "", "continent": "Europe" },
{ "name": "Canada", "iso3": "CAN", "su_a3": "CAN", "continent": "North America" },
{ "name": "United States of America", "iso3": "USA", "su_a3": "USB", "continent": "North America" },
{ "name": "Dhekelia", "iso3": "ESB", "su_a3": "ESB", "continent": "Asia" },
{ "name": "Hawaii", "iso3": "USA", "su_a3": "USH", "continent": "Oceania" },
{ "name": "Angola", "iso3": "AGO", "su_a3": "AGO", "continent": "Africa" },
{ "name": "Israel", "iso3": "ISR", "su_a3": "ISR", "continent": "Asia" },
{ "name": "Gaza", "alt_names": ["Gaza strip"], "iso3": "PSX", "su_a3": "GAZ", "continent": "Asia" },
{ "name": "Burkina Faso", "iso3": "BFA", "su_a3": "BFA", "continent": "Africa" },
{ "name": "Annobón", "iso3": "GNQ", "su_a3": "GNA", "continent": "Africa" },
{ "name": "Eritrea", "iso3": "ERI", "su_a3": "ERI", "continent": "Africa" },
{ "name": "West Bank", "iso3": "PSX", "su_a3": "WEB", "continent": "Asia" },
{ "name": "South Sudan", "iso3": "SDS", "su_a3": "SDS", "continent": "Africa" },
{ "name": "Botswana", "iso3": "BWA", "su_a3": "BWA", "continent": "Africa" },
{ "name": "Oman", "iso3": "OMN", "su_a3": "OMN", "continent": "Asia" },
{ "name": "Guinea-Bissau", "iso3": "GNB", "su_a3": "GNB", "continent": "Africa" },
{ "name": "Kenya", "iso3": "KEN", "su_a3": "KEN", "continent": "Africa" },
{ "name": "Tanzania", "iso3": "TZA", "su_a3": "TZA", "continent": "Africa" },
{ "name": "Suriname", "iso3": "SUR", "su_a3": "SUR", "continent": "South America" },
{ "name": "Korean DMZ (north)", "iso3": "PRK", "su_a3": "KNZ", "continent": "Asia" },
{ "name": "Somaliland", "iso3": "SOL", "su_a3": "SOL", "continent": "Africa" },
{ "name": "French Guiana", "iso3": "FRA", "su_a3": "GUF", "continent": "South America" },
{ "name": "W. Sahara", "iso3": "SAH", "su_a3": "SAH", "continent": "Africa" },
{ "name": "Congo", "alt_names": ["Republic of the congo"], "iso3": "COG", "su_a3": "COG", "continent": "Africa" },
{ "name": "Democratic Republic of the Congo", "iso3": "COD", "su_a3": "COD", "continent": "Africa" },
{ "name": "Nicaragua", "iso3": "NIC", "su_a3": "NIC", "continent": "North America" },
{ "name": "St-Martin", "iso3": "MAF", "su_a3": "MAF", "continent": "North America" },
{ "name": "Sint Maarten", "iso3": "SXM", "su_a3": "SXM", "continent": "North America" },
{ "name": "Liberia", "iso3": "LBR", "su_a3": "LBR", "continent": "Africa" },
{ "name": "South Africa", "iso3": "ZAF", "su_a3": "ZAX", "continent": "Africa" },
{ "name": "Mauritius", "iso3": "MUS", "su_a3": "MUS", "continent": "Seven seas (open ocean)" },
{ "name": "Lithuania", "iso3": "LTU", "su_a3": "LTU", "continent": "Europe" },
{ "name": "Czechia", "alt_names": ["Czech republic"], "iso3": "CZE", "su_a3": "CZE", "continent": "Europe" },
{ "name": "Germany", "iso3": "DEU", "su_a3": "DEU", "continent": "Europe" },
{ "name": "Estonia", "iso3": "EST", "su_a3": "EST", "continent": "Europe" },
{ "name": "Latvia", "iso3": "LVA", "su_a3": "LVA", "continent": "Europe" },
{ "name": "Russia", "iso3": "RUS", "su_a3": "RUA", "continent": "Asia" },
{ "name": "Norway", "iso3": "NOR", "su_a3": "NOW", "continent": "Europe" },
{ "name": "Sweden", "iso3": "SWE", "su_a3": "SWE", "continent": "Europe" },
{ "name": "Finland", "iso3": "FIN", "su_a3": "FIN", "continent": "Europe" },
{ "name": "Cambodia", "iso3": "KHM", "su_a3": "KHM", "continent": "Asia" },
{ "name": "Walloon", "iso3": "BEL", "su_a3": "BWR", "continent": "Europe" },
{ "name": "Georgia", "iso3": "GEO", "su_a3": "GEG", "continent": "Asia" },
{ "name": "India", "iso3": "IND", "su_a3": "INX", "continent": "Asia" },
{ "name": "Luxembourg", "iso3": "LUX", "su_a3": "LUX", "continent": "Europe" },
{ "name": "France", "iso3": "FRA", "su_a3": "FXX", "continent": "Europe" },
{ "name": "United Arab Emirates", "iso3": "ARE", "su_a3": "ARE", "continent": "Asia" },
{ "name": "Laos", "iso3": "LAO", "su_a3": "LAO", "continent": "Asia" },
{ "name": "Flemish", "alt_names": ["Flemish Brabant"], "iso3": "BEL", "su_a3": "BFR", "continent": "Europe" },
{ "name": "Kosovo", "iso3": "KOS", "su_a3": "KOS", "continent": "Europe" },
{ "name": "Turkey", "iso3": "TUR", "su_a3": "TUR", "continent": "Asia" },
{ "name": "Ceuta", "iso3": "ESP", "su_a3": "SEC", "continent": "Africa" },
{ "name": "Kyrgyzstan", "iso3": "KGZ", "su_a3": "KGZ", "continent": "Asia" },
{ "name": "Denmark", "iso3": "DNK", "su_a3": "DNK", "continent": "Europe" },
{ "name": "Romania", "iso3": "ROU", "su_a3": "ROU", "continent": "Europe" },
{ "name": "Hungary", "iso3": "HUN", "su_a3": "HUN", "continent": "Europe" },
{ "name": "Poland", "iso3": "POL", "su_a3": "POL", "continent": "Europe" },
{ "name": "Ireland", "iso3": "IRL", "su_a3": "IRL", "continent": "Europe" },
{ "name": "Greece", "iso3": "GRC", "su_a3": "GRC", "continent": "Europe" },
{ "name": "Spain", "iso3": "ESP", "su_a3": "ESX", "continent": "Europe" },
{ "name": "Canary Islands", "iso3": "", "su_a3": "", "continent": "Europe" },
{ "name": "Central African Republic", "iso3": "CAF", "su_a3": "CAF", "continent": "Africa" },
{ "name": "Guinea", "iso3": "GIN", "su_a3": "GIN", "continent": "Africa" },
{ "name": "Switzerland", "iso3": "CHE", "su_a3": "CHE", "continent": "Europe" },
{ "name": "Netherlands", "iso3": "NLD", "su_a3": "NLX", "continent": "Europe" },
{ "name": "Liechtenstein", "iso3": "LIE", "su_a3": "LIE", "continent": "Europe" },
{ "name": "Iran", "iso3": "IRN", "su_a3": "IRN", "continent": "Asia" },
{ "name": "Benin", "iso3": "BEN", "su_a3": "BEN", "continent": "Africa" },
{ "name": "Burundi", "iso3": "BDI", "su_a3": "BDI", "continent": "Africa" },
{ "name": "Austria", "iso3": "AUT", "su_a3": "AUT", "continent": "Europe" },
{ "name": "Italy", "iso3": "ITA", "su_a3": "ITX", "continent": "Europe" },
{ "name": "Croatia", "iso3": "HRV", "su_a3": "HRV", "continent": "Europe" },
{ "name": "Mali", "iso3": "MLI", "su_a3": "MLI", "continent": "Africa" },
{ "name": "Nigeria", "iso3": "NGA", "su_a3": "NGA", "continent": "Africa" },
{ "name": "Slovenia", "iso3": "SVN", "su_a3": "SVN", "continent": "Europe" },
{ "name": "Qatar", "iso3": "QAT", "su_a3": "QAT", "continent": "Asia" },
{ "name": "Portugal", "iso3": "PRT", "su_a3": "PRX", "continent": "Europe" },
{ "name": "Zimbabwe", "iso3": "ZWE", "su_a3": "ZWE", "continent": "Africa" },
{ "name": "Bulgaria", "iso3": "BGR", "su_a3": "BGR", "continent": "Europe" },
{ "name": "Melilla", "iso3": "ESP", "su_a3": "SEM", "continent": "Africa" },
{ "name": "San Marino", "iso3": "SMR", "su_a3": "SMR", "continent": "Europe" },
{ "name": "Pakistan", "iso3": "PAK", "su_a3": "PAK", "continent": "Asia" },
{ "name": "Thailand", "iso3": "THA", "su_a3": "THA", "continent": "Asia" },
{ "name": "North Korea", "iso3": "PRK", "su_a3": "PRK", "continent": "Asia" },
{ "name": "Zanzibar", "iso3": "TZA", "su_a3": "TZZ", "continent": "Africa" },
{ "name": "China", "iso3": "CHN", "su_a3": "CHI", "continent": "Asia" },
{ "name": "Eswatini", "iso3": "SWZ", "su_a3": "SWZ", "continent": "Africa" },
{ "name": "Brunei", "iso3": "BRN", "su_a3": "BRN", "continent": "Asia" },
{ "name": "Monaco", "iso3": "MCO", "su_a3": "MCO", "continent": "Europe" },
{ "name": "Mozambique", "iso3": "MOZ", "su_a3": "MOZ", "continent": "Africa" },
{ "name": "Baengnyeongdo", "iso3": "KOR", "su_a3": "KOB", "continent": "Asia" },
{ "name": "Andorra", "iso3": "AND", "su_a3": "AND", "continent": "Europe" },
{ "name": "Jejudo", "iso3": "KOR", "su_a3": "KOJ", "continent": "Asia" },
{ "name": "USNB Guantanamo Bay", "iso3": "USG", "su_a3": "USG", "continent": "North America" },
{ "name": "Brazilian I.", "iso3": "BRI", "su_a3": "BRI", "continent": "South America" },
{ "name": "Nepal", "iso3": "NPL", "su_a3": "NPL", "continent": "Asia" },
{ "name": "Philippines", "iso3": "PHL", "su_a3": "PHL", "continent": "Asia" },
{ "name": "Cameroon", "iso3": "CMR", "su_a3": "CMR", "continent": "Africa" },
{ "name": "Cabo Verde", "alt_names": ["Cape Verde"], "iso3": "CPV", "su_a3": "CPV", "continent": "Africa" },
{ "name": "Gibraltar", "iso3": "GIB", "su_a3": "GIB", "continent": "Europe" },
{ "name": "Ghana", "iso3": "GHA", "su_a3": "GHA", "continent": "Africa" },
{ "name": "Niger", "iso3": "NER", "su_a3": "NER", "continent": "Africa" },
{ "name": "Togo", "iso3": "TGO", "su_a3": "TGO", "continent": "Africa" },
{ "name": "Egypt", "iso3": "EGY", "su_a3": "EGY", "continent": "Africa" },
{ "name": "Iraq", "iso3": "IRQ", "su_a3": "IRR", "continent": "Asia" },
{ "name": "Kurdistan Region", "iso3": "", "su_a3": "", "continent": "Asia" },
{ "name": "Akrotiri", "iso3": "WSB", "su_a3": "WSB", "continent": "Asia" },
{ "name": "Río Muni", "iso3": "GNQ", "su_a3": "GNR", "continent": "Africa" },
{ "name": "Ethiopia", "iso3": "ETH", "su_a3": "ETH", "continent": "Africa" },
{ "name": "Gabon", "iso3": "GAB", "su_a3": "GAB", "continent": "Africa" },
{ "name": "Iraqi Kurdistan", "iso3": "IRQ", "su_a3": "IRK", "continent": "Asia" },
{ "name": "Greenland", "iso3": "GRL", "su_a3": "GRL", "continent": "North America" },
{ "name": "Hong Kong", "iso3": "HKG", "su_a3": "HKG", "continent": "Asia" },
{ "name": "Vatican", "iso3": "VAT", "su_a3": "VAT", "continent": "Europe" },
{ "name": "Alaska", "iso3": "USA", "su_a3": "USK", "continent": "North America" },
{ "name": "Libya", "iso3": "LBY", "su_a3": "LBY", "continent": "Africa" },
{ "name": "N. Cyprus", "iso3": "CYN", "su_a3": "CYN", "continent": "Asia" },
{ "name": "Baikonur", "iso3": "KAB", "su_a3": "KAB", "continent": "Asia" },
{ "name": "Shikoku", "iso3": "JPN", "su_a3": "JPS", "continent": "Asia" },
{ "name": "Cyprus U.N. Buffer Zone", "iso3": "CNM", "su_a3": "CNM", "continent": "Asia" },
{ "name": "Siachen Glacier", "iso3": "KAS", "su_a3": "KAS", "continent": "Asia" },
{ "name": "Southern Patagonian Ice Field", "iso3": "SPI", "su_a3": "SPI", "continent": "South America" },
{ "name": "Bir Tawil", "iso3": "BRT", "su_a3": "BRT", "continent": "Africa" },
{ "name": "Brussels", "iso3": "BEL", "su_a3": "BCR", "continent": "Europe" },
{ "name": "Antarctica", "iso3": "ATA", "su_a3": "ATB", "continent": "Antarctica" },
{ "name": "Australia", "iso3": "AUS", "su_a3": "AUZ", "continent": "Oceania" },
{ "name": "N.Z. SubAntarctic Is.", "iso3": "NZL", "su_a3": "NZA", "continent": "Oceania" },
{ "name": "Fiji", "iso3": "FJI", "su_a3": "FJI", "continent": "Oceania" },
{ "name": "New Caledonia", "iso3": "NCL", "su_a3": "NCL", "continent": "Oceania" },
{ "name": "Madagascar", "iso3": "MDG", "su_a3": "MDG", "continent": "Africa" },
{ "name": "Honshu", "iso3": "JPN", "su_a3": "JPH", "continent": "Asia" },
{ "name": "Easter I.", "iso3": "CHL", "su_a3": "CHP", "continent": "Oceania" },
{ "name": "Curaçao", "iso3": "CUW", "su_a3": "CUW", "continent": "North America" },
{ "name": "Aruba", "iso3": "ABW", "su_a3": "ABW", "continent": "North America" },
{ "name": "Bahamas", "iso3": "BHS", "su_a3": "BHS", "continent": "North America" },
{ "name": "South Korea", "iso3": "KOR", "su_a3": "KXI", "continent": "Asia" },
{ "name": "Turks and Caicos Is.", "iso3": "TCA", "su_a3": "TCA", "continent": "North America" },
{ "name": "Sudan", "iso3": "SDN", "su_a3": "SDN", "continent": "Africa" },
{ "name": "Yemen", "iso3": "YEM", "su_a3": "YEM", "continent": "Asia" },
{ "name": "St. Pierre and Miquelon", "iso3": "SPM", "su_a3": "SPM", "continent": "North America" },
{ "name": "Taiwan", "iso3": "TWN", "su_a3": "TWN", "continent": "Asia" },
{ "name": "Japan", "iso3": "JPN", "su_a3": "JPX", "continent": "Asia" },
{ "name": "Kyushu", "iso3": "JPN", "su_a3": "JPY", "continent": "Asia" },
{ "name": "Hokkaido", "iso3": "JPN", "su_a3": "JPK", "continent": "Asia" },
{ "name": "Iceland", "iso3": "ISL", "su_a3": "ISL", "continent": "Europe" },
{ "name": "S. Orkney Is.", "iso3": "ATA", "su_a3": "ATS", "continent": "Seven seas (open ocean)" },
{ "name": "Pitcairn Is.", "iso3": "PCN", "su_a3": "PCN", "continent": "Oceania" },
{ "name": "Fr. Polynesia", "iso3": "PYF", "su_a3": "PYF", "continent": "Oceania" },
{ "name": "Juan De Nova I.", "iso3": "ATF", "su_a3": "JUI", "continent": "Africa" },
{ "name": "Kiribati", "iso3": "KIR", "su_a3": "KIR", "continent": "Oceania" },
{ "name": "Uruguay", "iso3": "URY", "su_a3": "URY", "continent": "South America" },
{ "name": "Lakshadweep", "iso3": "IND", "su_a3": "INL", "continent": "Seven seas (open ocean)" },
{ "name": "Grenada", "iso3": "GRD", "su_a3": "GRD", "continent": "North America" },
{ "name": "Tobago", "iso3": "TTO", "su_a3": "TTG", "continent": "North America" },
{ "name": "Caribbean Netherlands", "iso3": "NLD", "su_a3": "NLY", "continent": "North America" },
{ "name": "Slovakia", "iso3": "SVK", "su_a3": "SVK", "continent": "Europe" },
{ "name": "Turkmenistan", "iso3": "TKM", "su_a3": "TKM", "continent": "Asia" },
{ "name": "Ukraine", "iso3": "UKR", "su_a3": "UKR", "continent": "Europe" },
{ "name": "Martinique", "iso3": "FRA", "su_a3": "MTQ", "continent": "North America" },
{ "name": "Guadeloupe", "iso3": "FRA", "su_a3": "GLP", "continent": "North America" },
{ "name": "Uzbekistan", "iso3": "UZB", "su_a3": "UZB", "continent": "Asia" },
{ "name": "Johnston Atoll", "iso3": "UMI", "su_a3": "JQI", "continent": "Oceania" },
{ "name": "Montserrat", "iso3": "MSR", "su_a3": "MSR", "continent": "North America" },
{ "name": "Antigua", "iso3": "ATG", "su_a3": "ACA", "continent": "North America" },
{ "name": "U.S. Virgin Is.", "iso3": "VIR", "su_a3": "VIR", "continent": "North America" },
{ "name": "St-Barthélemy", "iso3": "BLM", "su_a3": "BLM", "continent": "North America" },
{ "name": "Ascension", "iso3": "SHN", "su_a3": "BAC", "continent": "Seven seas (open ocean)" },
{ "name": "Barbuda", "iso3": "ATG", "su_a3": "ACB", "continent": "North America" },
{ "name": "Puerto Rico", "iso3": "PRI", "su_a3": "PRI", "continent": "North America" },
{ "name": "Kermadec Is.", "iso3": "NZL", "su_a3": "NZK", "continent": "Oceania" },
{ "name": "Anguilla", "iso3": "AIA", "su_a3": "AIA", "continent": "North America" },
{ "name": "British Virgin Is.", "iso3": "VGB", "su_a3": "VGB", "continent": "North America" },
{ "name": "Barbados", "iso3": "BRB", "su_a3": "BRB", "continent": "North America" },
{ "name": "Vojvodina", "iso3": "SRB", "su_a3": "SRV", "continent": "Europe" },
{ "name": "Cayman Is.", "iso3": "CYM", "su_a3": "CYM", "continent": "North America" },
{ "name": "Bermuda", "iso3": "BMU", "su_a3": "BMU", "continent": "North America" },
{ "name": "Heard I. and McDonald Is.", "iso3": "HMD", "su_a3": "HMD", "continent": "Seven seas (open ocean)" },
{ "name": "Serbia", "iso3": "SRB", "su_a3": "SRS", "continent": "Europe" },
{ "name": "Fr. S. Antarctic Lands", "iso3": "ATF", "su_a3": "FSA", "continent": "Seven seas (open ocean)" },
{ "name": "Tristan da Cunha", "iso3": "SHN", "su_a3": "SHT", "continent": "Seven seas (open ocean)" },
{ "name": "Argentina", "iso3": "ARG", "su_a3": "ARG", "continent": "South America" },
{ "name": "Réunion", "iso3": "FRA", "su_a3": "REU", "continent": "Seven seas (open ocean)" },
{ "name": "St. Helena", "iso3": "SHN", "su_a3": "SHS", "continent": "Seven seas (open ocean)" },
{ "name": "Costa Rica", "iso3": "CRI", "su_a3": "CRI", "continent": "North America" },
{ "name": "Mayotte", "iso3": "FRA", "su_a3": "MYT", "continent": "Africa" },
{ "name": "Niue", "iso3": "NIU", "su_a3": "NIU", "continent": "Oceania" },
{ "name": "Comoros", "iso3": "COM", "su_a3": "COM", "continent": "Africa" },
{ "name": "São Tomé", "iso3": "STP", "su_a3": "STS", "continent": "Africa" },
{ "name": "Bioko", "iso3": "GNQ", "su_a3": "GNK", "continent": "Africa" },
{ "name": "Principe", "iso3": "STP", "su_a3": "STA", "continent": "Africa" },
{ "name": "Canary Is.", "iso3": "ESP", "su_a3": "ESC", "continent": "Africa" },
{ "name": "Madeira", "iso3": "PRT", "su_a3": "PMD", "continent": "Africa" },
{ "name": "Malta", "iso3": "MLT", "su_a3": "MLT", "continent": "Europe" },
{ "name": "Pantelleria", "iso3": "ITA", "su_a3": "ITP", "continent": "Europe" },
{ "name": "Azores", "iso3": "PRT", "su_a3": "PAZ", "continent": "Seven seas (open ocean)" },
{ "name": "Guatemala", "iso3": "GTM", "su_a3": "GTM", "continent": "North America" },
{ "name": "Sicily", "iso3": "ITA", "su_a3": "ITY", "continent": "Europe" },
{ "name": "Isle of Man", "iso3": "IMN", "su_a3": "IMN", "continent": "Europe" },
{ "name": "Guyana", "iso3": "GUY", "su_a3": "GUY", "continent": "South America" },
{ "name": "Balearic Is.", "iso3": "ESP", "su_a3": "ESI", "continent": "Europe" },
{ "name": "Federation of Bosnia and Herzegovina", "iso3": "BIH", "su_a3": "BHF", "continent": "Europe" },
{ "name": "Bornholm", "iso3": "DNK", "su_a3": "DNB", "continent": "Europe" },
{ "name": "Sardinia", "iso3": "ITA", "su_a3": "ITD", "continent": "Europe" },
{ "name": "Volcano Is.", "iso3": "JPN", "su_a3": "JPV", "continent": "Asia" },
{ "name": "Corsica", "iso3": "FRA", "su_a3": "FXC", "continent": "Europe" },
{ "name": "Jersey", "iso3": "JEY", "su_a3": "JEY", "continent": "Europe" },
{ "name": "Guernsey", "iso3": "GGY", "su_a3": "GGG", "continent": "Europe" },
{ "name": "Dominica", "iso3": "DMA", "su_a3": "DMA", "continent": "North America" },
{ "name": "Åland", "iso3": "ALD", "su_a3": "ALD", "continent": "Europe" },
{ "name": "Mexico", "iso3": "MEX", "su_a3": "MEX", "continent": "North America" },
{ "name": "Faeroe Is.", "iso3": "FRO", "su_a3": "FRO", "continent": "Europe" },
{ "name": "Tasmania", "iso3": "AUS", "su_a3": "AUA", "continent": "Oceania" },
{ "name": "Cocos Is.", "iso3": "IOA", "su_a3": "CCK", "continent": "Asia" },
{ "name": "Diego Garcia NSF", "iso3": "IOT", "su_a3": "IOD", "continent": "Seven seas (open ocean)" },
{ "name": "Singapore", "iso3": "SGP", "su_a3": "SGP", "continent": "Asia" },
{ "name": "Bonin Is.", "iso3": "JPN", "su_a3": "JPB", "continent": "Asia" },
{ "name": "Izu-shoto", "iso3": "JPN", "su_a3": "JPI", "continent": "Asia" },
{ "name": "Nansei-shoto", "iso3": "JPN", "su_a3": "JPO", "continent": "Asia" },
{ "name": "Tunisia", "iso3": "TUN", "su_a3": "TUN", "continent": "Africa" },
{ "name": "Jan Mayen I.", "iso3": "NOR", "su_a3": "NJM", "continent": "Europe" },
{ "name": "Svalbard Is.", "iso3": "NOR", "su_a3": "NSV", "continent": "Europe" },
{ "name": "Macquarie I.", "iso3": "AUS", "su_a3": "AUM", "continent": "Oceania" },
{ "name": "Chatham Is.", "iso3": "NZL", "su_a3": "NZC", "continent": "Oceania" },
{ "name": "Norfolk Island", "iso3": "NFK", "su_a3": "NFK", "continent": "Oceania" },
{ "name": "Cook Is.", "iso3": "COK", "su_a3": "COK", "continent": "Oceania" },
{ "name": "Tonga", "iso3": "TON", "su_a3": "TON", "continent": "Oceania" },
{ "name": "Zambia", "iso3": "ZMB", "su_a3": "ZMB", "continent": "Africa" },
{ "name": "Wallis and Futuna Is.", "iso3": "WLF", "su_a3": "WLF", "continent": "Oceania" },
{ "name": "Br. Indian Ocean Ter.", "iso3": "IOT", "su_a3": "IOT", "continent": "Seven seas (open ocean)" },
{ "name": "Maldives", "iso3": "MDV", "su_a3": "MDV", "continent": "Seven seas (open ocean)" },
{ "name": "Nauru", "iso3": "NRU", "su_a3": "NRU", "continent": "Oceania" },
{ "name": "Guam", "iso3": "GUM", "su_a3": "GUM", "continent": "Oceania" },
{ "name": "S. Sandwich Is.", "iso3": "SGS", "su_a3": "SGX", "continent": "Seven seas (open ocean)" },
{ "name": "Moldova", "iso3": "MDA", "su_a3": "MDA", "continent": "Europe" },
{ "name": "American Samoa", "iso3": "ASM", "su_a3": "ASM", "continent": "Oceania" },
{ "name": "Vanuatu", "iso3": "VUT", "su_a3": "VUT", "continent": "Oceania" },
{ "name": "Jarvis I.", "iso3": "UMI", "su_a3": "DQI", "continent": "Oceania" },
{ "name": "S. Georgia", "iso3": "SGS", "su_a3": "SGG", "continent": "Seven seas (open ocean)" },
{ "name": "Bouvet I.", "iso3": "NOR", "su_a3": "BVT", "continent": "Antarctica" },
{ "name": "Falkland Is.", "iso3": "FLK", "su_a3": "FLK", "continent": "South America" },
{ "name": "N. Mariana Is.", "iso3": "MNP", "su_a3": "MNP", "continent": "Oceania" },
{ "name": "Paracel Is.", "iso3": "CHN", "su_a3": "PFA", "continent": "Asia" },
{ "name": "Europa Island", "iso3": "ATF", "su_a3": "EUI", "continent": "Africa" },
{ "name": "Coral Sea Is.", "iso3": "CSI", "su_a3": "CSI", "continent": "Oceania" },
{ "name": "Morocco", "iso3": "MAR", "su_a3": "MAR", "continent": "Africa" },
{ "name": "Saudi Arabia", "iso3": "SAU", "su_a3": "SAU", "continent": "Asia" },
{ "name": "Christmas I.", "iso3": "IOA", "su_a3": "CXR", "continent": "Asia" },
{ "name": "Tokelau", "iso3": "NZL", "su_a3": "TKL", "continent": "Oceania" },
{ "name": "Baker I.", "iso3": "UMI", "su_a3": "FQI", "continent": "Oceania" },
{ "name": "Howland I.", "iso3": "UMI", "su_a3": "HQI", "continent": "Oceania" },
{ "name": "Spratly Is.", "iso3": "PGA", "su_a3": "PGA", "continent": "Asia" },
{ "name": "Wake Atoll", "iso3": "UMI", "su_a3": "WQI", "continent": "Oceania" },
{ "name": "Midway Is.", "iso3": "UMI", "su_a3": "MQI", "continent": "Oceania" },
{ "name": "Isole Pelagie", "iso3": "ITA", "su_a3": "ITI", "continent": "Europe" },
{ "name": "Sark", "iso3": "GGY", "su_a3": "GGS", "continent": "Europe" },
{ "name": "Alderney", "iso3": "GGY", "su_a3": "GGA", "continent": "Europe" },
{ "name": "Peter I I.", "iso3": "ATA", "su_a3": "ATP", "continent": "Antarctica" },
{ "name": "Clipperton I.", "iso3": "CLP", "su_a3": "CLP", "continent": "Seven seas (open ocean)" },
{ "name": "Navassa I.", "iso3": "UMI", "su_a3": "BQI", "continent": "North America" },
{ "name": "Macao", "iso3": "MAC", "su_a3": "MAC", "continent": "Asia" },
{ "name": "South Island", "iso3": "NZL", "su_a3": "NZS", "continent": "Oceania" },
{ "name": "North Island", "iso3": "NZL", "su_a3": "NZN", "continent": "Oceania" },
{ "name": "Bassas da India", "iso3": "ATF", "su_a3": "BSI", "continent": "Africa" },
{ "name": "Tromelin I.", "iso3": "ATF", "su_a3": "TEI", "continent": "Seven seas (open ocean)" },
{ "name": "Ashmore and Cartier Is.", "iso3": "ATC", "su_a3": "ATC", "continent": "Oceania" },
{ "name": "Glorioso Is.", "iso3": "ATF", "su_a3": "GOI", "continent": "Seven seas (open ocean)" },
{ "name": "Palmyra Atoll", "iso3": "UMI", "su_a3": "LQI", "continent": "Oceania" },
{ "name": "Kingman Reef", "iso3": "UMI", "su_a3": "KQI", "continent": "Oceania" },
{ "name": "Bajo Nuevo Bank", "iso3": "BJN", "su_a3": "BJN", "continent": "North America" },
{ "name": "Serranilla Bank", "iso3": "SER", "su_a3": "SER", "continent": "North America" },
{ "name": "Herm", "iso3": "GGY", "su_a3": "GGH", "continent": "Europe" },
{ "name": "Scarborough Reef", "iso3": "SCR", "su_a3": "SCR", "continent": "Asia" },
{ "name": "Afghanistan", "iso3": "AFG", "su_a3": "AFG", "continent": "Asia" },
{ "name": "Gambia", "alt_names": ["The Gambia"], "iso3": "GMB", "su_a3": "GMB", "continent": "Africa" },
{ "name": "Lesotho", "iso3": "LSO", "su_a3": "LSO", "continent": "Africa" },
{ "name": "Mauritania", "iso3": "MRT", "su_a3": "MRT", "continent": "Africa" },
{ "name": "Côte d'Ivoire", "alt_names": ["Ivory Coast"], "iso3": "CIV", "su_a3": "CIV", "continent": "Africa" },
{ "name": "Rwanda", "iso3": "RWA", "su_a3": "RWA", "continent": "Africa" },
{ "name": "Senegal", "iso3": "SEN", "su_a3": "SEN", "continent": "Africa" },
{ "name": "Seychelles", "iso3": "SYC", "su_a3": "SYC", "continent": "Seven seas (open ocean)" },
{ "name": "Sierra Leone", "iso3": "SLE", "su_a3": "SLE", "continent": "Africa" },
{ "name": "Wales", "iso3": "GBR", "su_a3": "WLS", "continent": "Europe" },
{ "name": "Malawi", "iso3": "MWI", "su_a3": "MWI", "continent": "Africa" },
{ "name": "Uganda", "iso3": "UGA", "su_a3": "UGA", "continent": "Africa" },
{ "name": "Prince Edward Is.", "iso3": "ZAF", "su_a3": "ZAI", "continent": "Seven seas (open ocean)" },
{ "name": "Mongolia", "iso3": "MNG", "su_a3": "MNG", "continent": "Asia" },
{ "name": "Bhutan", "iso3": "BTN", "su_a3": "BTN", "continent": "Asia" },
{ "name": "Vietnam", "iso3": "VNM", "su_a3": "VNM", "continent": "Asia" },
{ "name": "Hainan", "iso3": "CHN", "su_a3": "CHH", "continent": "Asia" },
{ "name": "Pante Makasar", "iso3": "TLS", "su_a3": "TLP", "continent": "Asia" },
{ "name": "Timor-Leste", "alt_names": ["East Timor", "Pante makassar subdistrict"], "iso3": "TLS", "su_a3": "TLX", "continent": "Asia" },
{ "name": "Nicobar Is.", "iso3": "IND", "su_a3": "INN", "continent": "Seven seas (open ocean)" },
{ "name": "Algeria", "iso3": "DZA", "su_a3": "DZA", "continent": "Africa" },
{ "name": "Andaman Is.", "iso3": "IND", "su_a3": "INA", "continent": "Seven seas (open ocean)" },
{ "name": "Indonesia", "iso3": "IDN", "su_a3": "IDN", "continent": "Asia" },
{ "name": "Namibia", "iso3": "NAM", "su_a3": "NAM", "continent": "Africa" },
{ "name": "Korean DMZ (south)", "iso3": "KOR", "su_a3": "KNX", "continent": "Asia" },
{ "name": "South Korea", "iso3": "KOR", "su_a3": "KOX", "continent": "Asia" },
{ "name": "Dokdo", "iso3": "KOR", "su_a3": "KOD", "continent": "Asia" },
{ "name": "Bangladesh", "iso3": "BGD", "su_a3": "BGD", "continent": "Asia" },
{ "name": "Malaysia", "iso3": "MYS", "su_a3": "MYS", "continent": "Asia" },
{ "name": "Marshall Is.", "iso3": "MHL", "su_a3": "MHL", "continent": "Oceania" },
{ "name": "Micronesia", "iso3": "FSM", "su_a3": "FSM", "continent": "Oceania" },
{ "name": "Palau", "iso3": "PLW", "su_a3": "PLW", "continent": "Oceania" },
{ "name": "England", "iso3": "GBR", "su_a3": "ENG", "continent": "Europe" },
{ "name": "Ulleungdo", "iso3": "KOR", "su_a3": "KOU", "continent": "Asia" },
{ "name": "Papua New Guinea", "iso3": "PNG", "su_a3": "PNX", "continent": "Oceania" },
{ "name": "Solomon Is.", "iso3": "SLB", "su_a3": "SLB", "continent": "Oceania" },
{ "name": "Bougainville", "iso3": "PNG", "su_a3": "PNB", "continent": "Oceania" },
{ "name": "Samoa", "iso3": "WSM", "su_a3": "WSM", "continent": "Oceania" },
{ "name": "Tuvalu", "iso3": "TUV", "su_a3": "TUV", "continent": "Oceania" },
{ "name": "Bahrain", "iso3": "BHR", "su_a3": "BHR", "continent": "Asia" },
{ "name": "Djibouti", "iso3": "DJI", "su_a3": "DJI", "continent": "Africa" },
{ "name": "Jordan", "iso3": "JOR", "su_a3": "JOR", "continent": "Asia" },
{ "name": "Sri Lanka", "iso3": "LKA", "su_a3": "LKA", "continent": "Asia" },
{ "name": "Kuwait", "iso3": "KWT", "su_a3": "KWT", "continent": "Asia" },
{ "name": "N. Ireland", "iso3": "GBR", "su_a3": "NIR", "continent": "Europe" },
{ "name": "Albania", "iso3": "ALB", "su_a3": "ALB", "continent": "Europe" },
{ "name": "Brcko District", "iso3": "BIH", "su_a3": "BHB", "continent": "Europe" },
{ "name": "Lebanon", "iso3": "LBN", "su_a3": "LBN", "continent": "Asia" },
{ "name": "Puntland", "iso3": "SOM", "su_a3": "SOP", "continent": "Africa" },
{ "name": "Chad", "iso3": "TCD", "su_a3": "TCD", "continent": "Africa" },
{ "name": "Belarus", "iso3": "BLR", "su_a3": "BLR", "continent": "Europe" },
{ "name": "Panama", "iso3": "PAN", "su_a3": "PAN", "continent": "North America" },
{ "name": "Somalia", "iso3": "SOM", "su_a3": "SOX", "continent": "Africa" },
{ "name": "Rep. Srpska", "iso3": "BIH", "su_a3": "BIS", "continent": "Europe" },
{ "name": "UNDOF Zone", "iso3": "SYR", "su_a3": "SYU", "continent": "Asia" },
{ "name": "Syria", "iso3": "SYR", "su_a3": "SYX", "continent": "Asia" },
{ "name": "Socotra", "iso3": "YEM", "su_a3": "YES", "continent": "Asia" },
{ "name": "Armenia", "iso3": "ARM", "su_a3": "ARM", "continent": "Asia" },
{ "name": "Cyprus", "iso3": "CYP", "su_a3": "CYP", "continent": "Asia" },
{ "name": "Bolivia", "iso3": "BOL", "su_a3": "BOL", "continent": "South America" },
{ "name": "Montenegro", "iso3": "MNE", "su_a3": "MNE", "continent": "Europe" },
{ "name": "Azerbaijan", "iso3": "AZE", "su_a3": "AZE", "continent": "Asia" },
{ "name": "North Macedonia", "iso3": "MKD", "su_a3": "MKD", "continent": "Europe" },
{ "name": "Adjara", "iso3": "GEO", "su_a3": "GEA", "continent": "Asia" },
{ "name": "Kazakhstan", "iso3": "KAZ", "su_a3": "KAZ", "continent": "Asia" },
{ "name": "Isla Sala y Gomez", "iso3": "CHL", "su_a3": "CHS", "continent": "Seven seas (open ocean)" },
{ "name": "Chile", "iso3": "CHL", "su_a3": "CHX", "continent": "South America" },
{ "name": "Kaliningrad", "iso3": "RUS", "su_a3": "RUK", "continent": "Europe" },
{ "name": "Colombia", "iso3": "COL", "su_a3": "COL", "continent": "South America" },
{ "name": "Cuba", "iso3": "CUB", "su_a3": "CUB", "continent": "North America" },
{ "name": "Crimea", "iso3": "RUS", "su_a3": "RUC", "continent": "Europe" },
{ "name": "Russia", "iso3": "RUS", "su_a3": "RUE", "continent": "Europe" },
{ "name": "Belize", "iso3": "BLZ", "su_a3": "BLZ", "continent": "North America" },
{ "name": "Tajikistan", "iso3": "TJK", "su_a3": "TJK", "continent": "Asia" },
{ "name": "Dominican Republic", "iso3": "DOM", "su_a3": "DOM", "continent": "North America" },
{ "name": "Ecuador", "iso3": "ECU", "su_a3": "ECD", "continent": "South America" },
{ "name": "Galápagos Province", "iso3": "ECU", "su_a3": "ECD", "continent": "South America" },
{ "name": "Galápagos Is.", "iso3": "ECU", "su_a3": "ECG", "continent": "South America" },
{ "name": "Saint Lucia", "iso3": "LCA", "su_a3": "LCA", "continent": "North America" },
{ "name": "El Salvador", "iso3": "SLV", "su_a3": "SLV", "continent": "North America" },
{ "name": "Haiti", "iso3": "HTI", "su_a3": "HTI", "continent": "North America" },
{ "name": "Honduras", "iso3": "HND", "su_a3": "HND", "continent": "North America" },
{ "name": "Jamaica", "iso3": "JAM", "su_a3": "JAM", "continent": "North America" },
{ "name": "Paraguay", "iso3": "PRY", "su_a3": "PRY", "continent": "South America" },
{ "name": "Peru", "iso3": "PER", "su_a3": "PER", "continent": "South America" },
{ "name": "St. Kitts and Nevis", "iso3": "KNA", "su_a3": "KNA", "continent": "North America" },
{ "name": "St. Vin. and Gren.", "iso3": "VCT", "su_a3": "VCT", "continent": "North America" },
{ "name": "Trinidad", "iso3": "TTO", "su_a3": "TTD", "continent": "North America" },
{ "name": "Venezuela", "iso3": "VEN", "su_a3": "VEN", "continent": "South America" },
{ "name": "Myanmar", "iso3": "MMR", "su_a3": "MMR", "continent": "Asia" },
{ "name": "Brazil", "iso3": "BRA", "su_a3": "BRA", "continent": "South America" }
]